id;aid;title;jhi_value;publish_overwrite;publish_displaysort;state;ctime
1;81546;monitor;1080p Checking Account Identity;Frozen IB;Highway Ergonomic;37081;Lempira
2;66592;New York tangible Mississippi;Frozen bus;hard drive Robust Networked;Poland;42754;Grocery
3;10789;Outdoors;Harbor Montana;Corporate Phased relationships;white Brand Money Market Account;69478;JSON
4;62435;modular Refined Squares;maroon;EXE projection Fresh;support Gorgeous;22793;synergies copying
5;86073;Games;Iraq Bedfordshire;Concrete 24/7 Directives;sky blue;55810;facilitate Tasty Concrete Chips Exclusive
6;69630;card Plastic;Computers Personal Loan Account Berkshire;Home;Investor Public-key;14489;Berkshire Designer
7;24205;Bulgarian Lev navigate;Re-contextualized;web-enabled invoice withdrawal;bypassing optical;15071;Bedfordshire
8;69581;HDD;Algerian Dinar;firewall;Future-proofed deposit Sausages;69093;synthesize Creative
9;13752;bricks-and-clicks Concrete Global;Fiji Dollar Profound Bacon;Macao Equatorial Guinea Vision-oriented;Agent;55829;THX pink even-keeled
10;70035;programming SCSI drive;invoice Unbranded Cheese;New Zealand Dollar Alabama transform;invoice Home Gloves;54873;Cayman Islands Dollar invoice
