id;jhi_oid;paid_amount;paid_method;paid_time;express_state;express_time;express_company;express_no;express_remark
1;61172;73003;Gorgeous Rubber Pants Cheese;Garden;Small;Incredible Fresh Chips;Shoes Music connect;Hollow Shoes systems;Generic Frozen Tuna HTTP
2;26089;37461;Personal Loan Account;Cambridgeshire Norfolk Island;Soap Tasty Metal Sausages Outdoors;invoice multi-byte;incubate deposit Station;parsing Investment Account;Branding Dynamic black
3;6936;21458;utilize;Generic;robust withdrawal generate;Garden open-source hybrid;Solomon Islands Dollar;Personal Loan Account HTTP;schemas Specialist China
4;42347;75061;multi-byte Producer;Cotton Robust;user-centric Infrastructure;Managed Dobra application;Fantastic;Liechtenstein Buckinghamshire monetize;Direct
5;38920;5348;Interactions;Fantastic time-frame Quality;Borders Borders Practical;methodical;Pakistan;parse;neural Wooden Optimization
6;97424;5755;Austria mindshare EXE;bandwidth Liaison;program Auto Loan Account Refined;infomediaries;Fantastic Fresh Salad;Steel Avon Visionary;exploit transition
7;81279;23668;Principal Pennsylvania dynamic;Sleek navigate Oklahoma;Triple-buffered array;Bedfordshire Tools;Arizona hack;Fresh payment synthesize;Versatile seize
8;47771;28571;EXE;web services;Industrial Designer Incredible Fresh Car;Principal Senior;Paraguay;Sleek Tuna magenta;Wells
9;62755;69692;iterate protocol;web-enabled Brand Regional;Generic B2B;olive;facilitate Persevering;Fantastic;zero defect Ridges Beauty
10;27976;30952;multi-byte Pound Sterling;Frozen;parsing;models New Mexico District;Accountability;Aruba Chair portals;online Strategist Shirt
