id;name;form_required;widget_type;widget_name;ctime
1;Fish;1807;Bedfordshire;navigate;program alarm
2;Nevada;9367;turn-key dedicated;Wisconsin;target Human withdrawal
3;dot-com payment Libyan Dinar;86416;Re-contextualized;local Shoes;Intelligent Frozen Sausages Villages
4;Human;37015;Automotive Tactics architectures;Wisconsin Facilitator Incredible;reinvent
5;eco-centric Bedfordshire mesh;39469;calculating Intranet Ergonomic Concrete Soap;Director Concrete Bedfordshire;portal calculating Metal
6;real-time discrete redundant;81011;HDD;Sleek Beauty Auto Loan Account;deposit
7;extend Unbranded Fresh Pants Tools;57886;interfaces;Garden Dale Wallis and Futuna;generating
8;Computers Small Fresh Gloves back-end;12706;South Georgia and the South Sandwich Islands;composite Orchestrator Club;Intelligent Granite Shirt Peru deposit
9;Frozen Analyst card;4106;morph content bypass;Electronics;Refined infomediaries Som
10;Salad;15643;Enterprise-wide Benin;Tuna Response invoice;alarm Jamaica
